<?xml version="1.0" encoding="UTF-8"?>

<beans:beans xmlns="http://www.springframework.org/schema/security"
             xmlns:beans="http://www.springframework.org/schema/beans" xmlns:xsi="http://www.w3.org/2001/XMLSchema-instance"
             xsi:schemaLocation="http://www.springframework.org/schema/beans 
             						http://www.springframework.org/schema/beans/spring-beans-3.1.xsd
                                 http://www.springframework.org/schema/security 
                                 http://www.springframework.org/schema/security/spring-security-3.1.xsd">
                                 
	<http auto-config="true" use-expressions="true" path-type="regex">
		<intercept-url pattern="/login" access="permitAll" />
		<intercept-url pattern="/admin" access="hasRole('ROLE_ADMIN')" />
		<intercept-url pattern="/admin/.*$" access="hasRole('ROLE_ADMIN')" />
		
		<form-login login-page="/login" 
					login-processing-url="/login_check"
					username-parameter="username"
					password-parameter="password"
		/>
		<logout invalidate-session="true"
				logout-success-url="/"
				logout-url="/logout"
				
				 />
	</http>
	
	<authentication-manager alias="authenticationManager">
		<authentication-provider user-service-ref="userService" >
			<password-encoder ref="passwordEncoder" >
				<salt-source ref="saltSource" />
			</password-encoder>
		</authentication-provider>
	</authentication-manager>
	
	<beans:bean class="org.springframework.security.authentication.encoding.ShaPasswordEncoder"
				id="passwordEncoder" />
				
	<beans:bean class="org.springframework.security.authentication.dao.ReflectionSaltSource"
				id="saltSource" >
		<beans:property name="userPropertyToUse" value="salt" />
	</beans:bean>
	
	<beans:bean class="kavad.service.UserService"
				id="userService"  >
		<beans:property name="kavadUserDao" ref="kavadUserDao" />
	</beans:bean>
	
	<beans:bean class="kavad.service.BootOrganizer" 
				id="bootOrganizer" init-method="secureDatabase">
		<beans:property name="passwordEncoder" ref="passwordEncoder" />
		<beans:property name="saltSource" ref="saltSource" />
	</beans:bean>

</beans:beans>
