<?xml version="1.0" encoding="UTF-8"?>

<beans xmlns="http://www.springframework.org/schema/beans"
       xmlns:xsi="http://www.w3.org/2001/XMLSchema-instance"
       xsi:schemaLocation="http://www.springframework.org/schema/beans
       http://www.springframework.org/schema/beans/spring-beans-3.1.xsd">
	
	<bean id="sessionFactory"
			class="org.springframework.orm.hibernate4.LocalSessionFactoryBean" >
		<property name="dataSource" ref="dataSource" />
		<property name="annotatedClasses">
			<list>
				<value>kavad.dataobjects.Channel</value>
				<value>kavad.dataobjects.Program</value>
				<value>kavad.dataobjects.Tag</value>
				<value>kavad.dataobjects.KavadUser</value>
				<value>kavad.dataobjects.StartTime</value>
			</list>
		</property>
		<property name="hibernateProperties">
			<props>
				<prop key="hibernate.dialect">org.hibernate.dialect.PostgreSQLDialect</prop>
				<prop key="hibernate.hbm2ddl.auto">create</prop>
				<prop key="hibernate.cache.use_second_level_cache">true</prop>
				<!--<prop key="hibernate.show_sql">true</prop>-->
			</props>
		</property>
	</bean>
	
	<bean id="transactionManager"
			class="org.springframework.orm.hibernate4.HibernateTransactionManager">
		<property name="sessionFactory" ref="sessionFactory" />
	</bean>
	
	<bean id="dataSource"
			class="org.apache.commons.dbcp.BasicDataSource">
		<property name="driverClassName" value="org.postgresql.Driver" />
		<property name="url" value="jdbc:postgresql://localhost:5432/kavad_test" />
		<property name="username" value="kavad_user" />
		<property name="password" value="j83vcx2z" />
		<property name="initialSize" value="2" />
		<property name="maxActive" value="5" />
		<property name="testOnBorrow" value="true" />
		<property name="validationQuery" value="select 1" />
	</bean>
       
       
       
</beans>